<?xml version="1.0" encoding="UTF-8"?>
<!DOCTYPE suite SYSTEM "http://testng.org/testng-1.0.dtd">
<suite name="Suite">
  <test thread-count="5" name="Test">
    <classes>
<!--       <class name="MainCatagory.ChemicalsorAlliedIndustries"/> -->
<!--       <class name="MainCatagory.ComputerandSoftware"/> -->
<!--       <class name="MainCatagory.ComputerSolutionsHardwareandSoftwareDevelopmentServices"/> -->
<!--       <class name="MainCatagory.ConstructionandRealEstate"/> -->
<!--       <class name="MainCatagory.ConsultantsAstrologyVastu"/> -->
      <class name="MainCatagory.Consulting"/>
      <!-- <class name="MainCatagory.ConsumerElectronics"/>
      <class name="MainCatagory.DesigningProcessingCustomMade"/>
      <class name="MainCatagory.DistributorandDealer"/>
      <class name="MainCatagory.EconomicCooperation"/>
      <class name="MainCatagory.EducationandTraining"/>
      <class name="MainCatagory.EducationalServices"/>
      <class name="MainCatagory.ElectronicsandElectricalSupplies"/>
      <class name="MainCatagory.EnvironmentandPollution"/>
      <class name="MainCatagory.ExhibitionsandFairs"/>
      <class name="MainCatagory.FashionandGarment"/>
      <class name="MainCatagory.FireSafetyEquipments"/>
      <class name="MainCatagory.FoodandBeverage"/>
      <class name="MainCatagory.ForeignExchangeandFinance"/>
      <class name="MainCatagory.Forex"/>
      <class name="MainCatagory.GemsandJewelleryProducts"/>
      <class name="MainCatagory.GeneralTradeAgents"/>
      <class name="MainCatagory.GiftsandCraftsProducts"/>
      <class name="MainCatagory.HandicraftsGifts"/>
      <class name="MainCatagory.HealthandBeauty"/>
      <class name="MainCatagory.HealthBeauty"/>
      <class name="MainCatagory.HomeSupplies"/>
      <class name="MainCatagory.HousekeepingCleaningAndMaintenanceServices"/>
      <class name="MainCatagory.Immigration"/>
      <class name="MainCatagory.IndentingAgents"/>
      <class name="MainCatagory.IndentingAgentsChemicals"/>
      <class name="MainCatagory.IndustrialSupplies"/>
      <class name="MainCatagory.InformationTechnologyEnabledServicessBPO"/>
      <class name="MainCatagory.LaserCuttingEngravingandMarkingServicess"/>
      <class name="MainCatagory.Leather"/>
      <class name="MainCatagory.LogisticServicess"/>
      <class name="MainCatagory.ManpowerandLaborExport"/>
      <class name="MainCatagory.Mask"/>
      <class name="MainCatagory.MatrimonialServices"/>
      <class name="MainCatagory.MedicalPharma"/>
      <class name="MainCatagory.MineralandMetals"/>
      <class name="MainCatagory.Miscellaneous"/>
      <class name="MainCatagory.MSMEcompliance"/>
      <class name="MainCatagory.MSMEMART"/>
      <class name="MainCatagory.OfficeSupplies"/>
      <class name="MainCatagory.OffshoreContractors"/>
      <class name="MainCatagory.PAdvertisementAgents"/>
      <class name="MainCatagory.PackagingandPaper"/>
      <class name="MainCatagory.PackagingandPrintingServices"/>
      <class name="MainCatagory.PassportandVisa"/>
      <class name="MainCatagory.PawnLeasing"/>
      <class name="MainCatagory.PlantMachinery"/>
      <class name="MainCatagory.PowerandEnergy"/>
      <class name="MainCatagory.PPEKits"/>
      <class name="MainCatagory.PrecisionOptics"/>
      <class name="MainCatagory.PrintingandPublishing"/>
      <class name="MainCatagory.PulpandPaperAgent"/>
      <class name="MainCatagory.QualitySurveyors"/>
      <class name="MainCatagory.RealEstateAgents"/>
      <class name="MainCatagory.Repairing"/>
      <class name="MainCatagory.Sanitizers"/>
      <class name="MainCatagory.ScientificInstruments"/>
      <class name="MainCatagory.SecurityandProtection"/>
      <class name="MainCatagory.ServicesAgent"/>
      <class name="MainCatagory.SMALLINDUSTRIES"/>
      <class name="MainCatagory.SocialWelfareOrganization"/>
      <class name="MainCatagory.SportsandEntertainment"/>
      <class name="MainCatagory.SportsGoods"/>
      <class name="MainCatagory.TelecommunicationandPostalServices"/>
      <class name="MainCatagory.Telecommunications"/>
      <class name="MainCatagory.TextilesandLeatherProducts"/>
      <class name="MainCatagory.Toys"/>
      <class name="MainCatagory.TranslatorsandInterpreters"/>
      <class name="MainCatagory.Transportation"/>
      <class name="MainCatagory.Travel"/>
      <class name="MainCatagory.TRAVELANDTOURISM"/>
      <class name="MainCatagory.Ventilator"/> -->
    </classes>
  </test> <!-- Test -->
</suite> <!-- Suite -->
